,name,hex1,hex2,hex3
0,Bulbasaur,#399494,#62D5B4,#83EEC5
1,Ivysaur,#5ACDBD,#209483,#317B52
2,Venusaur,#20B49C,#5AD5C5,#FF7B73
3,Charmander,#FF9441,#DE5239,#FFD57B
4,Charmeleon,#CD3939,#FF524A,#FF4100
5,Charizard,#EE8329,#CD5241,#084152
6,Squirtle,#8BC5CD,#5A9CA4,#FFE69C
7,Wartortle,#8BACF6,#627BC5,#DEC58B
8,Blastoise,#5A8BCD,#D5AC4A,#2062AC
9,Caterpie,#31AC41,#E6CD94,#6AD531
10,Metapod,#6A8B5A,#83C54A,#B4E652
11,Butterfree,#EEEEFF,#313152,#BDBDE6
12,Weedle,#EEAC41,#CD7310,#171717
13,Kakuna,#F6CD31,#CD9C10,#FFF6CD
14,Beedrill,#FFFFFF,#171717,#FFCD4A
15,Pidgey,#A4625A,#E6BD62,#CD835A
16,Pidgeotto,#FFE68B,#E6BD5A,#AC7B5A
17,Pidgeot,#E6B462,#AC7B5A,#FFE68B
18,Rattata,#B473BD,#D59CD5,#8B4A8B
19,Raticate,#A47329,#C59439,#EECD73
20,Spearow,#9C5218,#EE524A,#AC414A
21,Fearow,#B47320,#D5A45A,#8B5231
22,Ekans,#CD62B4,#7B316A,#A44A8B
23,Arbok,#A483C5,#7B62AC,#C5A4EE
24,Pikachu,#F6E652,#F6BD20,#F6D63F
25,Raichu,#F6AC29,#FFEED5,#FFBD00
26,Sandshrew,#CDB400,#CDBDB4,#EEDE10
27,Sandslash,#F6D520,#8B6218,#D5AC20
28,Nidoran♀,#D5D5FF,#ACACCD,#414183
29,Nidorina,#8BC5CD,#C5E6EE,#5A94B4
30,Nidoqueen,#628BAC,#5AB4CD,#BDAC5A
31,Nidoran♂,#BD62C5,#E69CD5,#006241
32,Nidorino,#945AB4,#CD83DE,#009462
33,Nidoking,#A45294,#D573EE,#C5C5A4
34,Clefairy,#FFD5BD,#FFACAC,#9C5151
35,Clefable,#FFC5B4,#EE9494,#D57B8B
36,Vulpix,#E6946A,#BD4A29,#BD735A
37,Ninetales,#F6E67B,#E6C552,#CD9C4A
38,Jigglypuff,#FFACA4,#E67383,#FFCDC5
39,Wigglytuff,#FFFFFF,#FFACBD,#E6DEE6
40,Zubat,#8BB4EE,#B4529C,#627BB4
41,Golbat,#AC52AC,#CD6AB4,#5AACEE
42,Oddish,#7394A4,#9CD54A,#8BAC31
43,Gloom,#4A6A7B,#FF7300,#7B83A4
44,Vileplume,#DE4A5A,#F68B8B,#394162
45,Paras,#FFAC62,#E68329,#B46220
46,Parasect,#EE3131,#BD3141,#B44139
47,Venonat,#8B6AA4,#A48BBD,#624A7B
48,Venomoth,#F6DEFF,#EEC5FF,#D5ACDE
49,Diglett,#C57341,#A45A5A,#B4AC73
50,Dugtrio,#C57341,#A45A5A,#DE9C5A
51,Meowth,#FFE683,#DEBD39,#8B6A00
52,Persian,#DEB46A,#FFE683,#111111
53,Psyduck,#FFD54A,#E6A452,#FFEEBD
54,Golduck,#8BACD5,#7B7BB4,#A4C5FF
55,Mankey,#F6DEB4,#D5AC9C,#C5734A
56,Primeape,#E6BD9C,#FFE6B4,#9C6A6A
57,Growlithe,#C55252,#FFF6A4,#DECD7B
58,Arcanine,#D5A48B,#FFDEAC,#C5525A
59,Poliwag,#5283C5,#FFFFFF,#395A83
60,Poliwhirl,#5283C5,#FFFFFF,#BDBDBD
61,Poliwrath,#395A83,#5283C5,#FFFFFF
62,Abra,#FFE629,#CDBD20,#F6F6A4
63,Kadabra,#D5BD08,#FFEE29,#7B5208
64,Alakazam,#FFEE18,#CDB410,#7B5A08
65,Machop,#94BDBD,#73A4A4,#5A7B6A
66,Machoke,#BD9CE6,#8B73B4,#A48BCD
67,Machamp,#A4B4B4,#838B94,#415262
68,Bellsprout,#D5BD62,#F6E673,#5A3900
69,Weepinbell,#6AC552,#D5C552,#FFE66A
70,Victreebel,#8BC57B,#4AA47B,#DEBD52
71,Tentacool,#6AB4E6,#B42920,#4194AC
72,Tentacruel,#6AB4E6,#B42920,#4194AC
73,Geodude,#9C9483,#B4B49C,#413931
74,Graveler,#B4B49C,#948B7B,#6A6A52
75,Golem,#D5B45A,#9C8B52,#B4BD62
76,Ponyta,#FFEECD,#E65A29,#E6CD8B
77,Rapidash,#FFE6C5,#EEC58B,#FF9C18
78,Slowpoke,#DE627B,#FF8394,#FFE6B4
79,Slowbro,#E66A7B,#FF9494,#B4BDBD
80,Magnemite,#8BB4A4,#FFFFFF,#92BAA8
81,Magneton,#393131,#D5F6DE,#FFFFFF
82,Farfetch'd,#E6E6A4,#C5CD83,#836A20
83,Doduo,#BD8B52,#946A5A,#DEAC73
84,Dodrio,#A47B5A,#CD9C52,#414141
85,Seel,#D5CDEE,#E6E6F6,#949CB4
86,Dewgong,#E6E6F6,#D5CDEE,#405161
87,Grimer,#944A9C,#BD7BBD,#CD8BC5
88,Muk,#BD7BBD,#944A9C,#CD8BC5
89,Shellder,#C5BDEE,#9C8BC5,#4A3962
90,Cloyster,#7B5283,#AC7BBD,#CDA4EE
91,Gastly,#D5ACCD,#8B6283,#392939
92,Haunter,#835A6A,#C58BCD,#AC6ACD
93,Gengar,#9473B4,#5A4A9C,#B48BBD
94,Onix,#837B7B,#BDB4B4,#DED5D5
95,Drowzee,#F6DE00,#A4835A,#D5B44A
96,Hypno,#F6DE00,#DEBD41,#B49420
97,Krabby,#DE524A,#FF7331,#FFA462
98,Kingler,#C56A5A,#EE8B4A,#EEBD8B
99,Voltorb,#FF5220,#B4ACBD,#821010
100,Electrode,#EEEEEE,#C52941,#FFFFFF
101,Exeggcute,#FFD5AC,#EE8362,#FFE6CD
102,Exeggutor,#73AC31,#8B7341,#9CD54A
103,Cubone,#FFFFFF,#946A5A,#F6D5B4
104,Marowak,#946A52,#FFFFFF,#E6E6E6
105,Hitmonlee,#CDA483,#A47B73,#282828
106,Hitmonchan,#CDB47B,#EED59C,#C5B4C5
107,Lickitung,#EE736A,#FFA49C,#FF8352
108,Koffing,#F6EE94,#EED56A,#BD7BB4
109,Weezing,#BD8BCD,#F6EE94,#D5A4DE
110,Rhyhorn,#8383AC,#BDBDCD,#E6E6EE
111,Rhydon,#8B8B94,#C5C5BD,#B4A473
112,Chansey,#FFD5D5,#FFACAC,#FFE6E6
113,Tangela,#417B94,#5AA4CD,#94D5F6
114,Kangaskhan,#9C7B73,#C5A47B,#DECD94
115,Horsea,#6A94B4,#A4C5EE,#395262
116,Seadra,#6A839C,#A4CDE6,#83ACCD
117,Goldeen,#FFFFFF,#D5D5DE,#D54110
118,Seaking,#F6F6FF,#DEDEE6,#E67341
119,Staryu,#9C6A39,#D59C52,#CD9429
120,Starmie,#5A529C,#8B73BD,#B48BD5
121,Mr. Mime,#104A73,#FF5A6A,#FFCDCD
122,Scyther,#8BCD73,#E6D5AC,#5A9C4A
123,Jynx,#BD3162,#F6315A,#FFF6BD
124,Electabuzz,#C5A410,#FFE639,#394152
125,Magmar,#FF4A31,#FFEE4A,#E6BD31
126,Pinsir,#C5AC8B,#836A52,#EEE6CD
127,Tauros,#DEA44A,#624A31,#B48331
128,Magikarp,#F66218,#FFFFFF,#BD4141
129,Gyarados,#41B4EE,#D5DEF6,#CDB47B
130,Lapras,#397BA4,#F6DEAC,#DEC583
131,Ditto,#C57BE6,#9C5AB4,#573265
132,Eevee,#A4624A,#D59C4A,#E6C594
133,Vaporeon,#5AC5E6,#83DEFF,#419CBD
134,Jolteon,#FFDE52,#CDAC4A,#C5C5C5
135,Flareon,#FFEEA4,#C5A46A,#F6734A
136,Porygon,#8BD5EE,#FF6262,#0883A4
137,Omanyte,#E6DE83,#399CCD,#9C836A
138,Omastar,#399CCD,#62BDF6,#E6DE83
139,Kabuto,#C58329,#BDA400,#A46A29
140,Kabutops,#BD8B41,#B4AC9C,#CDA473
141,Aerodactyl,#9483A4,#735294,#ACACD5
142,Snorlax,#F6E6BD,#E6C5AC,#315A7B
143,Articuno,#6AACF6,#94C5FF,#4A83D5
144,Zapdos,#D5AC08,#FFD541,#C56A18
145,Moltres,#D50808,#DE9410,#FFC54A
146,Dratini,#FFFFFF,#7383D5,#DED5DE
147,Dragonair,#5A8BEE,#DED5DE,#FFFFFF
148,Dragonite,#DE7339,#EE9C39,#FFEEBD
149,Mewtwo,#DED5E6,#6A319C,#837B9C
150,Mew,#FFB4D5,#EE83B4,#5A2951
151,Chikorita,#D5F68B,#83E631,#6AB429
152,Bayleef,#F6E64A,#DEBD29,#8BBD31
153,Meganium,#9CE652,#FF395A,#62BD41
154,Cyndaquil,#DE0000,#FF5A00,#FFEEA4
155,Quilava,#FF5A00,#DE0000,#41528B
156,Typhlosion,#FFEE94,#415A94,#DE0000
157,Totodile,#6AB4E6,#3183C5,#FFC552
158,Croconaw,#5AACE6,#3183C5,#FFE68B
159,Feraligatr,#5AB4F6,#398BCD,#F6525A
160,Sentret,#BD835A,#4A3120,#FFFFFF
161,Furret,#FFEE94,#9C624A,#7B4139
162,Hoothoot,#BD8B41,#FFE6C5,#DEBD9C
163,Noctowl,#DEB46A,#FFF6B4,#7B5A4A
164,Ledyba,#FFE69C,#D5B47B,#F65A18
165,Ledian,#FF4A41,#C5395A,#F6E673
166,Spinarak,#8BE631,#52B46A,#ACEE62
167,Ariados,#C54141,#FF5A4A,#FF8B73
168,Crobat,#A45ACD,#206A94,#7B4A9C
169,Chinchou,#FFCD52,#6AA4E6,#5A73C5
170,Lanturn,#6294E6,#4A7BCD,#FFDE62
171,Pichu,#F6E652,#202030,#C5AC10
172,Cleffa,#FFA494,#FFC5AC,#6A4A31
173,Igglybuff,#FFACBD,#E6839C,#7B4956
174,Togepi,#F6D5A4,#FFFFFF,#B4B4C5
175,Togetic,#FFFFFF,#ACC5BD,#D5EEEE
176,Natu,#73BD41,#94D541,#282828
177,Xatu,#FFFFFF,#94D541,#CDCDCD
178,Mareep,#FFE6BD,#CDB48B,#73C5F6
179,Flaaffy,#FFA4A4,#FFFFFF,#FF7373
180,Ampharos,#FFFFFF,#FFEE4A,#FFC510
181,Bellossom,#52CD31,#73AC31,#399400
182,Marill,#5A9CEE,#B4C5CD,#FFFFFF
183,Azumarill,#5A9CEE,#C5C5D5,#316AAC
184,Sudowoodo,#C5A44A,#5A8B5A,#AC835A
185,Politoed,#8BCD18,#FFE66A,#6AA410
186,Hoppip,#FF7B94,#9CDE5A,#F69CB4
187,Skiploom,#62D531,#41B420,#8BF64A
188,Jumpluff,#739CFF,#FFFFDE,#EEE69C
189,Aipom,#FFDEA4,#BD7BDE,#C5AC6A
190,Sunkern,#FFFF00,#524A29,#6A6231
191,Sunflora,#9CD54A,#EECD08,#E6DE5A
192,Yanma,#E6FFFF,#FFBD9C,#7BD55A
193,Wooper,#397BC5,#73BDFF,#529CE6
194,Quagsire,#629CBD,#83D5F6,#185A6A
195,Espeon,#E6A4D5,#EEBDEE,#B47BB4
196,Umbreon,#414152,#29314A,#62627B
197,Murkrow,#314162,#41629C,#292941
198,Slowking,#FF9C94,#EE736A,#D5D5D5
199,Misdreavus,#314A62,#4A83A4,#9C394A
200,Unown,#737373,#5A5A5A,#5C5C5C
201,Wobbuffet,#3194EE,#73BDF6,#A4DEFF
202,Girafarig,#EEDE52,#625252,#FFFFFF
203,Pineco,#52ACB4,#294A7B,#83D5D5
204,Forretress,#C5A4DE,#E6CDF6,#837B9C
205,Dunsparce,#F6E67B,#318BA4,#F6FFFF
206,Gligar,#DE83B4,#E6A4CD,#AC6294
207,Steelix,#4A628B,#BDCDC5,#7B94A4
208,Snubbull,#FFACB4,#EE6A7B,#FFC5C5
209,Granbull,#AC83AC,#D5ACD5,#8B5A83
210,Qwilfish,#DEDE94,#A4AC6A,#418394
211,Scizor,#A42929,#D53939,#F66A6A
212,Shuckle,#EEC54A,#BD8B29,#B43129
213,Heracross,#6A94C5,#416294,#303861
214,Sneasel,#3994AC,#316273,#C52973
215,Teddiursa,#FF8339,#B46220,#EEAC52
216,Ursaring,#945220,#624129,#BD7341
217,Slugma,#CD3918,#F66231,#FF9C31
218,Magcargo,#DE5A20,#626262,#FF834A
219,Swinub,#CD9C7B,#9C7B6A,#734A31
220,Piloswine,#AC835A,#C59C73,#7B6252
221,Corsola,#FFA4C5,#E66294,#ACC5DE
222,Remoraid,#B4DED5,#D5F6F6,#8BACBD
223,Octillery,#A43110,#E65A4A,#EEE6AC
224,Delibird,#FFFFFF,#D5D5D5,#F65A39
225,Mantine,#AC9CC5,#DECDE6,#5A6ADE
226,Skarmory,#DEEEFF,#9CB4D5,#C5314A
227,Houndour,#4A4A52,#292931,#101820
228,Houndoom,#4A4A52,#313139,#CDD5D5
229,Kingdra,#629CCD,#ACD5FF,#FFFFFF
230,Phanpy,#ACD5EE,#6A9CCD,#9CBDEE
231,Donphan,#D5DED5,#839494,#4A5252
232,Porygon2,#EE5A62,#94416A,#4A9CD5
233,Stantler,#E6B45A,#FFD573,#B48331
234,Smeargle,#DEDEBD,#ACAC8B,#6ADE41
235,Tyrogue,#EEC5FF,#A47B41,#C59CBD
236,Hitmontop,#E6CD7B,#BDA452,#62ACEE
237,Smoochum,#FFE652,#FF94A4,#DE4A7B
238,Elekid,#FFCD31,#CD8B00,#313131
239,Magby,#D55239,#FF7B62,#F6D539
240,Miltank,#D58B83,#FFEEB4,#F6B4A4
241,Blissey,#FFACC5,#DED5D5,#DE83A4
242,Raikou,#FFCD41,#D59C29,#BD8BC5
243,Entei,#CDA462,#D5D5D5,#83524A
244,Suicune,#7BBDFF,#AC6AD5,#FFFFFF
245,Larvitar,#ACCD9C,#7B9C62,#495939
246,Pupitar,#8BC5EE,#739CC5,#4E7BA4
247,Tyranitar,#ACCD9C,#739C62,#207BBD
248,Lugia,#D5E6F6,#FFFFFF,#9CACE6
249,Ho-Oh,#FF5A10,#BD4110,#FFFFFF
250,Celebi,#FFFFDE,#A4DE52,#B4C55A
251,Treecko,#ACDE6A,#94B439,#396A39
252,Grovyle,#52944A,#8BCD7B,#EE5262
253,Sceptile,#83CD6A,#419C41,#186229
254,Torchic,#FF8B31,#F6DE6A,#E65A20
255,Combusken,#EEBD4A,#EEDE73,#FF7B4A
256,Blaziken,#DEA452,#BD4141,#EE6262
257,Mudkip,#41A4DE,#9CBDE6,#7BCDEE
258,Marshtomp,#4AB4AC,#94D5D5,#EE8B31
259,Swampert,#524A52,#5A83C5,#83A4DE
260,Poochyena,#A4A4A4,#C5C5C5,#414141
261,Mightyena,#313131,#4A4A4A,#94949C
262,Zigzagoon,#B49C8B,#947B6A,#BDAC9C
263,Linoone,#DECDBD,#AC9C8B,#836A5A
264,Wurmple,#D52952,#F6626A,#DEDECD
265,Silcoon,#EEEEE6,#C5CDDE,#D1D7E0
266,Beautifly,#6A6262,#FFD529,#EEAC5A
267,Cascoon,#EED5EE,#DEBDE6,#B49CCD
268,Dustox,#739452,#ACCD6A,#C594D5
269,Lotad,#317B41,#62B46A,#3183A4
270,Lombre,#6A8B39,#7BBD9C,#8BAC39
271,Ludicolo,#9CC562,#73945A,#ACE673
272,Seedot,#83625A,#FFEEBD,#7B736A
273,Nuzleaf,#100000,#947362,#F6EEC5
274,Shiftry,#BDB4CD,#E6DEFF,#9C6A4A
275,Taillow,#314A7B,#5A6A9C,#CD5273
276,Swellow,#294162,#C55A73,#415A7B
277,Wingull,#FFFFFF,#D5CDE6,#73ACFF
278,Pelipper,#FFDE4A,#CDD5EE,#F6B431
279,Ralts,#B4F694,#73BD73,#F6F6FF
280,Kirlia,#8BE68B,#FFFFFF,#73BD73
281,Gardevoir,#EEEEFF,#CDCDE6,#73BD73
282,Surskit,#83C5E6,#31A4D5,#20518A
283,Masquerain,#C5CDE6,#FFFFF6,#EEF6FF
284,Shroomish,#EED5B4,#C5A483,#94B47B
285,Breloom,#629452,#83B473,#B49C7B
286,Slakoth,#DECDBD,#B49C7B,#523929
287,Vigoroth,#D5D5D5,#FFFFFF,#FF4A5A
288,Slaking,#A4836A,#BDB494,#EEDEBD
289,Nincada,#FFFFEE,#BDC5C5,#9C8373
290,Ninjask,#FFFFFF,#ACB4B4,#E6AC4A
291,Shedinja,#B4945A,#DEB473,#F6D583
292,Whismur,#EEACE6,#FFCD41,#D583CD
293,Loudred,#736294,#8383BD,#B4ACE6
294,Exploud,#A4A4DE,#7B73B4,#524A8B
295,Makuhita,#FFDE6A,#DEB462,#525252
296,Hariyama,#B46A52,#D5A462,#FFD57B
297,Azurill,#4A7BE6,#6AB4FF,#223152
298,Nosepass,#627BBD,#41529C,#8BA4E6
299,Skitty,#D55A7B,#F69CB4,#F6DEAC
300,Delcatty,#A473C5,#8352A4,#CD944A
301,Sableye,#8B73D5,#5A4A94,#ACA4F6
302,Mawile,#737373,#FFC55A,#4A4A4A
303,Aron,#FFFFFF,#CDCDD5,#8B949C
304,Lairon,#C5CDD5,#6A6A6A,#8B8B8B
305,Aggron,#52524A,#6A6A6A,#8B8B8B
306,Meditite,#E6DEDE,#B4ACAC,#6ACDE6
307,Medicham,#E6738B,#83414A,#B44A5A
308,Electrike,#83D57B,#629C62,#FFEE41
309,Manectric,#C5AC5A,#73B4D5,#FFEE62
310,Plusle,#FFEEB4,#DE4A41,#E6C573
311,Minun,#FFEEB4,#5A83EE,#E6C573
312,Volbeat,#A4B4C5,#E65262,#4A4A52
313,Illumise,#ACC5EE,#8BACCD,#393939
314,Roselia,#73C55A,#A4314A,#295A94
315,Gulpin,#A4DE94,#73A462,#F6DE41
316,Swalot,#AC83EE,#8B6ACD,#C5A4FF
317,Carvanha,#314A9C,#EEBD29,#CD9429
318,Sharpedo,#395294,#5273BD,#ACA4B4
319,Wailmer,#4A83B4,#EED5A4,#315A94
320,Wailord,#EEE6FF,#1052CD,#2073DE
321,Numel,#DEB44A,#F6DE52,#F6F6A4
322,Camerupt,#EE6A4A,#C53920,#D5D5B4
323,Torkoal,#BDACA4,#EEDED5,#D5CDC5
324,Spoink,#A4A4AC,#7B7B8B,#C5627B
325,Grumpig,#E6A4DE,#4A4A52,#BD62AC
326,Spinda,#E6D5A4,#CDA473,#EE524A
327,Trapinch,#EE7341,#C55A4A,#FF947B
328,Vibrava,#6AC56A,#4A944A,#383840
329,Flygon,#B4DE73,#8BA452,#94D59C
330,Cacnea,#BDDE7B,#739C39,#186A31
331,Cacturne,#A4D573,#7BA462,#319452
332,Swablu,#FFFFFF,#CDCDE6,#7BCDFF
333,Altaria,#CDCDE6,#FFFFFF,#109CCD
334,Zangoose,#CDDEF6,#FFFFFF,#E64A6A
335,Seviper,#394152,#4A526A,#AC4139
336,Lunatone,#B4A452,#CDBD6A,#EEDE8B
337,Solrock,#E69400,#BD5A10,#F6E662
338,Barboach,#BDBDC5,#31B4E6,#8B94A4
339,Whiscash,#394A9C,#83DEFF,#73ACE6
340,Corphish,#CDB494,#E65208,#E6E6CD
341,Crawdaunt,#CD3131,#EE5252,#B4ACA4
342,Baltoy,#C5C562,#838362,#9C944A
343,Claydol,#4A4139,#736A6A,#EE5A83
344,Lileep,#EEACB4,#9C83CD,#7362B4
345,Cradily,#7BC573,#529C5A,#A4E68B
346,Anorith,#6A6A7B,#FFFFFF,#FF5252
347,Armaldo,#8B8BBD,#7373AC,#5A5A8B
348,Feebas,#D5CD83,#83A4C5,#947B62
349,Milotic,#FFE6B4,#DEBD8B,#EE6A7B
350,Castform,#E6DEDE,#CDBDBD,#FFFFFF
351,Kecleon,#5A9473,#5ABD73,#7BD583
352,Shuppet,#625A8B,#8383AC,#73739C
353,Banette,#7B7B83,#5A5262,#9C9CA4
354,Duskull,#4A4A41,#6A6A5A,#DED5AC
355,Dusclops,#A4A494,#62625A,#9C9483
356,Tropius,#398B4A,#52AC52,#947352
357,Chimecho,#F6527B,#C5E6FF,#9CC5E6
358,Absol,#B4B4D5,#FFFFFF,#8B8BAC
359,Wynaut,#6ABDDE,#4A9CBD,#DE5A62
360,Snorunt,#4A4A4A,#EEC56A,#737373
361,Glalie,#E6E6F6,#ACACCD,#393941
362,Spheal,#F6E6BD,#94ACF6,#4A6ABD
363,Sealeo,#5A94DE,#EECDAC,#FFE6BD
364,Walrein,#83B4E6,#3973AC,#C5D5FF
365,Clamperl,#EE7B9C,#3962BD,#739CD5
366,Huntail,#4A9CBD,#D58300,#8BCDEE
367,Gorebyss,#F68BC5,#9C5ABD,#D562A4
368,Relicanth,#CDB494,#9C837B,#524141
369,Luvdisc,#E6739C,#F694B4,#E6ACDE
370,Bagon,#62ACE6,#94D5FF,#F6F6FF
371,Shelgon,#D5D5D5,#ACACB4,#525A52
372,Salamence,#A4394A,#83CDE6,#BD526A
373,Beldum,#4A6AA4,#528BD5,#414A83
374,Metang,#5A94D5,#41628B,#4A7BB4
375,Metagross,#416294,#7BA4F6,#4A83C5
376,Regirock,#CDC5AC,#948B73,#EE8339
377,Regice,#6AB4D5,#BDEEFF,#9CCDFF
378,Registeel,#838B83,#D5CDD5,#B4ACAC
379,Latias,#CDCDEE,#BD4141,#FF6262
380,Latios,#4A62B4,#B4B4AC,#DED5CD
381,Kyogre,#3962B4,#295294,#4A83D5
382,Groudon,#736262,#FF2029,#94838B
383,Rayquaza,#4A8373,#5ABD8B,#295240
384,Jirachi,#E6BD52,#FFE65A,#E6EEF6
385,Deoxys,#BD6A6A,#FF734A,#171717
386,Turtwig,#BDCD83,#C5BD39,#94AC5A
387,Grotle,#62B46A,#ACC562,#DEB441
388,Torterra,#41AC41,#8B6A41,#E6E6E6
389,Chimchar,#FFE6AC,#DE8300,#FFAC52
390,Monferno,#D58B29,#EECD94,#FFCD41
391,Infernape,#E63941,#FFDE52,#E68B5A
392,Piplup,#318BD5,#FFFFFF,#9CD5F6
393,Prinplup,#205A94,#629CF6,#20416A
394,Empoleon,#102041,#103973,#FFFFFF
395,Starly,#FFFFFF,#524A4A,#736262
396,Staravia,#5A525A,#FFFFFF,#393139
397,Staraptor,#5A525A,#9C838B,#FFFFFF
398,Bidoof,#C58B41,#9C6231,#5A4129
399,Bibarel,#BD834A,#E6D59C,#625239
400,Kricketot,#FFEEAC,#E66A62,#B44A39
401,Kricketune,#DE5A52,#7B7362,#524A41
402,Shinx,#7BACF6,#627BB4,#404069
403,Luxio,#4A4A62,#7BACF6,#62627B
404,Luxray,#4A4A62,#313141,#62627B
405,Budew,#7BD55A,#FFEE6A,#73A44A
406,Roserade,#FFFFFF,#739C8B,#399C62
407,Cranidos,#4A83BD,#83949C,#627383
408,Rampardos,#83837B,#62625A,#3983D5
409,Shieldon,#62626A,#FFCD7B,#D5D5D5
410,Bastiodon,#62626A,#41394A,#FFCD7B
411,Burmy,#527341,#7B9C4A,#5A5A5A
412,Wormadam,#5A5A5A,#7B9C4A,#527341
413,Mothim,#F6D57B,#A44A00,#E66A29
414,Combee,#FFC500,#EEEEFF,#714B2C
415,Vespiquen,#FFCD08,#41414A,#AC5200
416,Pachirisu,#F6F6F6,#7BB4E6,#CDC5C5
417,Buizel,#EE7B18,#AC5A20,#F6F6B4
418,Floatzel,#F6F6B4,#EE7B18,#AC5A20
419,Cherubi,#DE6283,#73CD5A,#AC416A
420,Cherrim,#6A417B,#835AAC,#52AC5A
421,Shellos,#FF8BC5,#EEEEEE,#B4B4C5
422,Gastrodon,#6A4A39,#FF8BC5,#AC6294
423,Ambipom,#FFEEA4,#8339AC,#B462E6
424,Drifloon,#946AE6,#7B41A4,#FFFFFF
425,Drifblim,#8352AC,#FFDE08,#A483C5
426,Buneary,#B47B4A,#EEDEA4,#C5A47B
427,Lopunny,#EEDEA4,#C5A47B,#B47B4A
428,Mismagius,#6A4A94,#4A395A,#B462B4
429,Honchkrow,#39395A,#395A9C,#EEEEF6
430,Glameow,#8B9CBD,#6A7383,#FFFFFF
431,Purugly,#8394B4,#EEFFFF,#6A7383
432,Chingling,#FFD55A,#BD9C4A,#E66252
433,Stunky,#6A528B,#EEDEB4,#4A395A
434,Skuntank,#6A528B,#EEDEAC,#4A395A
435,Bronzor,#185A7B,#2983A4,#227394
436,Bronzong,#207383,#41ACCD,#3194B4
437,Bonsly,#AC835A,#4AC541,#5A8B5A
438,Mime Jr.,#526AD5,#FFC5D5,#314A94
439,Happiny,#FFC5D5,#FFFFFF,#DE6A9C
440,Chatot,#41414A,#2962B4,#FFFFFF
441,Spiritomb,#C573BD,#A4529C,#62B441
442,Gible,#5294AC,#416A83,#CD7373
443,Gabite,#5A6ABD,#394A8B,#DE5A29
444,Garchomp,#5A62AC,#41418B,#E64A31
445,Munchlax,#317B9C,#205A73,#EEE683
446,Riolu,#4A9CEE,#5A5A5A,#29739C
447,Lucario,#4A9CEE,#5A5A5A,#29739C
448,Hippopotas,#E6CD7B,#836220,#B49452
449,Hippowdon,#EED594,#CDB439,#5A5A62
450,Skorupi,#949CEE,#6A6AB4,#414173
451,Drapion,#4A3162,#8B5A9C,#C57BB4
452,Croagunk,#6A73D5,#4A4A8B,#313141
453,Toxicroak,#6A73D5,#4A4A8B,#E6525A
454,Carnivine,#BDC57B,#628339,#8B9452
455,Finneon,#31415A,#94D5E6,#C54A94
456,Lumineon,#31415A,#94D5E6,#292939
457,Mantyke,#1052AC,#B4DEFF,#9CB4DE
458,Snover,#FFFFFF,#735A4A,#8B7352
459,Abomasnow,#FFFFFF,#C5D5DE,#52A494
460,Weavile,#C52973,#6A6AAC,#7383BD
461,Magnezone,#6A739C,#9CBDEE,#414152
462,Lickilicky,#E67394,#BD5273,#F67B5A
463,Rhyperior,#7B6A7B,#EE5200,#5A4A62
464,Tangrowth,#3973AC,#295A83,#529CC5
465,Electivire,#FFDE20,#C5AC41,#312929
466,Magmortar,#FFC539,#E64131,#F66231
467,Togekiss,#EEEEFF,#BDC5DE,#D5D9EE
468,Yanmega,#F65A52,#FFFFFF,#52834A
469,Leafeon,#EED59C,#319C73,#BD9462
470,Glaceon,#94E6EE,#415A6A,#7B9CB4
471,Gliscor,#9C8BEE,#414152,#5A62A4
472,Mamoswine,#9C6A4A,#EEF6F6,#734A41
473,Porygon-Z,#4A9CD5,#EE5A62,#94416A
474,Gallade,#C5CDDE,#5AB46A,#7394A4
475,Probopass,#E65A62,#5A7BCD,#BD3152
476,Dusknoir,#413939,#625A62,#ACA49C
477,Froslass,#FFFFFF,#C5CDDE,#C52920
478,Rotom,#EE7329,#C54A18,#5AC5BD
479,Uxie,#F6C573,#B4CDF6,#AC8B41
480,Mesprit,#EE73AC,#949CC5,#414141
481,Azelf,#5A94C5,#B4CDF6,#404040
482,Dialga,#20416A,#397BB4,#BDCDDE
483,Palkia,#EEE6FF,#CDB4D5,#DEE6EE
484,Heatran,#AC5A41,#C5C5C5,#E6E6EE
485,Regigigas,#C59C52,#F6D55A,#D5CDD5
486,Giratina,#39394A,#C5CDD5,#FFD500
487,Cresselia,#8394F6,#C55A9C,#FFD573
488,Phione,#6AC5F6,#189CD5,#267BBC
489,Manaphy,#6AC5F6,#189CD5,#307AAC
490,Darkrai,#313131,#524A4A,#DEE6EE
491,Shaymin,#ACDE62,#399441,#EE8BA4
492,Arceus,#E6E6EE,#B4B4BD,#5A6273
493,Victini,#FFE6AC,#FF6A18,#C59C5A
494,Snivy,#00B400,#FFF6BD,#005200
495,Servine,#FFF6BD,#29C54A,#C5BD62
496,Serperior,#9CD59C,#73A473,#189C4A
497,Tepig,#EE8339,#4A3931,#EEBD08
498,Pignite,#EE7329,#523129,#392020
499,Emboar,#313131,#EEBD08,#E63129
500,Oshawott,#FFFFFF,#C5C5CD,#20949C
501,Dewott,#52BDBD,#208B94,#4A4A4A
502,Samurott,#205A9C,#D5C57B,#203962
503,Patrat,#D5BD94,#7B524A,#9C6A31
504,Watchog,#943939,#F6B429,#733141
505,Lillipup,#EECD94,#945A41,#DE945A
506,Herdier,#4A4A6A,#FFDEAC,#293141
507,Stoutland,#FFE6AC,#CDBD9C,#4A4A6A
508,Purrloin,#7B527B,#F6EEC5,#DE739C
509,Liepard,#836294,#5A4173,#F6D541
510,Pansage,#18A452,#FFCD7B,#83CD9C
511,Simisage,#18A452,#FFCD7B,#087331
512,Pansear,#E65241,#FFCD7B,#F69441
513,Simisear,#E65241,#BD4139,#FFCD7B
514,Panpour,#FFCD7B,#29B4DE,#9CE6EE
515,Simipour,#29B4DE,#FFCD7B,#CDA45A
516,Munna,#FFC5CD,#CD8BBD,#FFD5DE
517,Musharna,#DE7BBD,#947BDE,#FFC5CD
518,Pidove,#DEDEDE,#A4A4A4,#4A4A4A
519,Tranquill,#DEDEDE,#A4A4A4,#4A4A4A
520,Unfezant,#414152,#B4B4B4,#FF417B
521,Blitzle,#525252,#FFFFFF,#515151
522,Zebstrika,#394141,#CDCDCD,#FFFFFF
523,Roggenrola,#41528B,#182039,#7B5A4A
524,Boldore,#41528B,#29396A,#202939
525,Gigalith,#41528B,#29396A,#9C3131
526,Woobat,#ACDEF6,#414A5A,#6A94AC
527,Swoobat,#4A4A52,#313131,#BDBDCD
528,Drilbur,#D5D5D5,#414141,#313131
529,Excadrill,#5A4A41,#A4A4A4,#413129
530,Audino,#DE8B94,#F6E6AC,#CDB483
531,Timburr,#C5BDAC,#9C8B83,#DEB462
532,Gurdurr,#C5BDAC,#832939,#9C8B83
533,Conkeldurr,#8B8B83,#6A6A62,#C59C73
534,Tympole,#FFDEBD,#6ABDFF,#C59C83
535,Palpitoad,#FFDEBD,#83E6D5,#626262
536,Seismitoad,#0894D5,#73E6CD,#296AAC
537,Throh,#EEE6D5,#DE5A5A,#C5BDAC
538,Sawk,#B4F6EE,#528BEE,#41414A
539,Sewaddle,#94CD08,#FFDE31,#FFF6AC
540,Swadloon,#94CD08,#5A9C31,#FFEE39
541,Leavanny,#7BCD08,#FFF620,#5A9C31
542,Venipede,#BD3152,#313139,#00945A
543,Whirlipede,#AC94C5,#83739C,#414152
544,Scolipede,#9C1041,#C5185A,#414A62
545,Cottonee,#DEE6EE,#52A44A,#FFFFFF
546,Whimsicott,#E6DECD,#C5B48B,#946A41
547,Petilil,#C5EE7B,#39AC39,#FFFFFF
548,Lilligant,#C5EE7B,#39AC39,#9CB462
549,Basculin,#41A452,#E6E6E6,#A4A4A4
550,Sandile,#C59C5A,#41414A,#CD737B
551,Krokorok,#292931,#C59C5A,#EE94A4
552,Krookodile,#C55252,#8B3141,#BDC5CD
553,Darumaka,#CD3131,#9C2929,#FFCD20
554,Darmanitan,#AC2018,#EEA46A,#8B1829
555,Maractus,#5AD56A,#E66AA4,#186252
556,Dwebble,#A49C8B,#EE9C4A,#C56220
557,Crustle,#AC9C83,#8B6A4A,#F6BD39
558,Scraggy,#FFCD00,#BD9C00,#FFF6B4
559,Scrafty,#F6CD10,#B49418,#DE2939
560,Sigilyph,#FFC508,#313131,#4AACE6
561,Yamask,#525252,#313131,#303030
562,Cofagrigus,#393941,#383840,#FFBD31
563,Tirtouga,#4A9CDE,#6A7B8B,#4D5A6A
564,Carracosta,#4A94D5,#627383,#5AACE6
565,Archen,#F6CD62,#3183F6,#DE524A
566,Archeops,#3183F6,#F6CD62,#BD9452
567,Trubbish,#296A4A,#184A31,#4A8B6A
568,Garbodor,#A48B73,#296A4A,#7B6A5A
569,Zorua,#5A5A73,#202031,#202030
570,Zoroark,#62626A,#7B2941,#AC1041
571,Minccino,#BDB4A4,#8B837B,#FFFFFF
572,Cinccino,#BDAC9C,#FFFFFF,#DECDC5
573,Gothita,#FFFFFF,#CD8BBD,#171717
574,Gothorita,#414141,#FFFFFF,#171717
575,Gothitelle,#525252,#393939,#303030
576,Solosis,#5AB47B,#CDE6BD,#9CAC8B
577,Duosion,#5AB47B,#C5DEB4,#9CBD8B
578,Reuniclus,#5AB47B,#D5EEC5,#306140
579,Ducklett,#94DEF6,#62B4CD,#5AB4EE
580,Swanna,#FFFFFF,#B4C5D5,#6294B4
581,Vanillite,#FFFFFF,#BDBDDE,#D1D1E8
582,Vanillish,#FFFFFF,#6AA4EE,#BDBDDE
583,Vanilluxe,#FFFFFF,#BDBDDE,#6AA4EE
584,Deerling,#F6EEC5,#FF9CAC,#B46A6A
585,Sawsbuck,#7B5A31,#DEC56A,#623920
586,Emolga,#FFFFFF,#FFD500,#313131
587,Karrablast,#316AFF,#4A4A4A,#FFDE18
588,Escavalier,#C5C5C5,#BD2052,#94949C
589,Foongus,#FFF6E6,#C5B49C,#6A4A31
590,Amoonguss,#CDC5C5,#DE528B,#624A41
591,Frillish,#83D5FF,#5AA4C5,#D5E6FF
592,Jellicent,#D5E6FF,#39C5F6,#9CACD5
593,Alomomola,#FFBDBD,#F67383,#E68B9C
594,Joltik,#F6DE41,#CDAC08,#725208
595,Galvantula,#FFDE52,#CDAC00,#3952B4
596,Ferroseed,#8B8B8B,#B4BDBD,#737373
597,Ferrothorn,#B4BDBD,#313131,#303030
598,Klink,#D5DEEE,#6A6A73,#494949
599,Klang,#A4A4AC,#D5DEEE,#4A4A4A
600,Klinklang,#A4A4AC,#D5DEEE,#6A6A73
601,Tynamo,#EEFFFF,#B4BDCD,#171720
602,Eelektrik,#205A62,#10394A,#EEDEA4
603,Eelektross,#206273,#103141,#EEDEA4
604,Elgyem,#A4CDBD,#629483,#414141
605,Beheeyem,#DE9C7B,#A4624A,#624129
606,Litwick,#CDC5CD,#FFFFFF,#7352E6
607,Lampent,#4A4A4A,#313131,#C5CDD5
608,Chandelure,#7352E6,#313131,#ACA4F6
609,Axew,#94A45A,#4A5239,#6A7B4A
610,Fraxure,#4A8B4A,#737373,#5A5A52
611,Haxorus,#A4AC18,#626A10,#39394A
612,Cubchoo,#94D5EE,#FFFFFF,#7BACE6
613,Beartic,#DEF6FF,#B4C5CD,#9CE6F6
614,Cryogonal,#5262C5,#3141A4,#83D5EE
615,Shelmet,#9494AC,#C5C5D5,#FF4A7B
616,Accelgor,#6A83C5,#5A6283,#FF4A7B
617,Stunfisk,#D59C83,#FFFF00,#BD836A
618,Mienfoo,#F6F68B,#A44152,#DE627B
619,Mienshao,#E6D5D5,#AC8BC5,#8362AC
620,Druddigon,#104A8B,#316AAC,#D50041
621,Golett,#83CDCD,#5AACA4,#181820
622,Golurk,#83C5CD,#5AA4A4,#297B8B
623,Pawniard,#BD4141,#626262,#FFFFFF
624,Bisharp,#C53131,#DEDEDE,#943141
625,Bouffalant,#4A4131,#946A31,#312920
626,Rufflet,#F6EED5,#6A8394,#FFFFFF
627,Braviary,#525273,#A43131,#31314A
628,Vullaby,#524141,#EEEEC5,#837B73
629,Mandibuzz,#624A41,#C5AC83,#947B62
630,Heatmor,#A48B73,#C54A41,#8B3131
631,Durant,#C5C5C5,#181820,#171720
632,Deino,#525252,#3962A4,#413941
633,Zweilous,#525252,#413941,#3962A4
634,Hydreigon,#525252,#413941,#5A83CD
635,Larvesta,#FFFFFF,#D53918,#52525A
636,Volcarona,#EE7318,#C54A41,#E6E6E6
637,Cobalion,#18ACB4,#C5DEEE,#E6CD7B
638,Terrakion,#B4ACAC,#62524A,#B4A483
639,Virizion,#9CCD52,#F6F6D5,#6A737B
640,Tornadus,#8341AC,#B4B4BD,#4A9C41
641,Thundurus,#B4B4BD,#FFFFFF,#62C5FF
642,Reshiram,#FFFFFF,#BDBDD5,#737B9C
643,Zekrom,#313139,#202029,#181820
644,Landorus,#83624A,#FFFFFF,#B4B4BD
645,Kyurem,#BDE6FF,#949CAC,#A4B4CD
646,Keldeo,#DE4120,#62BDFF,#FFF6BD
647,Meloetta,#83736A,#FFFFF6,#A4D57B
648,Genesect,#9C5AC5,#73418B,#CDB4FF
649,Chespin,#A6D941,#FEB183,#BB8665
650,Quilladin,#A6D941,#66401A,#FFB266
651,Chesnaught,#F7DBAA,#B59A7A,#F8F8F8
652,Fennekin,#FFD659,#F26130,#F8F8F8
653,Braixen,#FFD659,#F8F8F8,#B34724
654,Delphox,#893027,#AE3D32,#F95A26
655,Froakie,#66D9FF,#4CA3BF,#F8F8F8
656,Frogadier,#BFBFBF,#006BA6,#41CCF5
657,Greninja,#2E4999,#3D61CC,#F2798D
658,Bunnelby,#BFBFBF,#926B4D,#8C8C8C
659,Diggersby,#8A6239,#C0BCB8,#624322
660,Fletchling,#FF6A4C,#AAC2F2,#404040
661,Fletchinder,#FFCD39,#AAC2F2,#FF6A4C
662,Talonflame,#B3B3B3,#FF6A4C,#585858
663,Scatterbug,#747474,#4E4E4E,#4D4D4D
664,Spewpa,#F8F8F8,#B3B3B3,#747474
665,Vivillon,#DF6FA4,#EAA0C2,#C86979
666,Litleo,#70655D,#F2BC85,#47403B
667,Pyroar,#DC3A2F,#F7CD4B,#A82B29
668,Flabébé,#EF6F6F,#DF4F4F,#FEFEFE
669,Floette,#FEFEFE,#EF6F6F,#50996F
670,Florges,#50996F,#DF4F4F,#208050
671,Skiddo,#998673,#F8F8F8,#36B389
672,Gogoat,#D6B778,#2FB657,#7A4932
673,Pancham,#FFFFD9,#474759,#737380
674,Pangoro,#737380,#FFFFD9,#505059
675,Furfrou,#EFEEDA,#C4C0A8,#111111
676,Espurr,#B8B8CC,#8A8A99,#45454D
677,Meowstic,#3375A0,#1D577C,#FBFBFB
678,Honedge,#316B9F,#8DC9E2,#ECECEC
679,Doublade,#AE60A1,#F297C2,#ECECEC
680,Aegislash,#796CAF,#9F8D56,#EBDE7B
681,Spritzee,#FF99B3,#E5E5E5,#CC7087
682,Aromatisse,#FF99B3,#CC5299,#CC7087
683,Swirlix,#FFF2F2,#CCADAD,#FFCCD9
684,Slurpuff,#FFCCD9,#FFF2F2,#CCADAD
685,Inkay,#85BCF2,#FFA6BC,#F8F8F8
686,Malamar,#5C81CC,#855C99,#C5C5F3
687,Binacle,#6C7795,#DCE8B6,#896C44
688,Barbaracle,#C2C8D6,#896C44,#604A33
689,Skrelp,#A6703A,#E0AAF2,#CC8F52
690,Dragalge,#8B5737,#DC3D51,#C48FC7
691,Clauncher,#61DAF2,#595959,#404040
692,Clawitzer,#4595E5,#FFC44C,#61DAF2
693,Helioptile,#595959,#FFDE3A,#404040
694,Heliolisk,#FFDE3A,#595959,#CDB22D
695,Tyrunt,#966858,#65483A,#BFBFBF
696,Tyrantrum,#963E4E,#FAFAFA,#722533
697,Amaura,#A6E1FF,#FFF2B2,#85B4CC
698,Aurorus,#81A0DC,#FFF2B2,#657DAC
699,Sylveon,#FFF5F5,#FA8CAA,#D9C3C3
700,Hawlucha,#3D997A,#F8F8F8,#D93651
701,Dedenne,#F2C261,#F2F2AA,#BFBF86
702,Carbink,#8F8FB3,#F2F2F2,#666680
703,Goomy,#F2DAF2,#B8A1E5,#8F7DB3
704,Sliggoo,#F2DAF2,#8F7DB3,#B8A1E5
705,Goodra,#E6D4E7,#B791F0,#998A99
706,Klefki,#CC9C3D,#595959,#111111
707,Phantump,#A87651,#494E5B,#2B303C
708,Trevenant,#A37A4C,#735738,#1EA762
709,Pumpkaboo,#664E42,#FFB5A6,#D98777
710,Gourgeist,#F49670,#61532D,#DEAC5B
711,Bergmite,#B3EAF8,#A5C4D2,#719AA9
712,Avalugg,#BFF4FF,#85D7F2,#77B8D9
713,Noibat,#85489B,#D7BAD7,#B459D5
714,Noivern,#575757,#BD70CC,#3B3B3B
715,Xerneas,#4A4A4A,#638BDD,#313131
716,Yveltal,#982E3B,#282D31,#3C4247
717,Zygarde,#605860,#A0E138,#69B451
718,Diancie,#B3A1B3,#FFF9FB,#F2F2F2
719,Hoopa,#DADAF2,#FF73A2,#8A8A99
720,Volcanion,#E54545,#B33636,#FFC44C
721,Rowlet,#F2C89D,#F8F8F8,#BFBFBF
722,Dartrix,#F8F8F8,#AC7946,#8FCC52
723,Decidueye,#01A87A,#DCA87A,#F7EAE1
724,Litten,#4C4C66,#F25B3D,#1C1C33
725,Torracat,#F26B30,#5F564B,#2D2826
726,Incineroar,#F13521,#AA1710,#252321
727,Popplio,#436CBF,#314F8C,#A1DAE5
728,Brionne,#1EB9EE,#F8F8F8,#BFBFBF
729,Primarina,#AAC7E6,#F8F8F8,#44A0B5
730,Pikipek,#F23D3D,#F8F8F8,#404040
731,Trumbeak,#645C57,#413938,#A9A9A9
732,Toucannon,#404040,#F8F8F8,#262626
733,Yungoos,#BA836D,#F8E478,#9C5B50
734,Gumshoos,#AF754E,#ECD96C,#8D473D
735,Grubbin,#FFD659,#E55C2E,#DAE6F2
736,Charjabug,#659954,#4C733F,#D9D9D9
737,Vikavolt,#FDFDFD,#00586A,#35839F
738,Crabrawler,#2DB0F0,#A74DCE,#79349E
739,Crabominable,#F8F8F8,#53597B,#55CEE3
740,Oricorio,#F14B50,#D23131,#524949
741,Cutiefly,#F8F8F8,#FFE566,#B37D47
742,Ribombee,#F8F8F8,#B37D47,#727272
743,Rockruff,#DFAB8C,#ECE8D7,#C7B3A7
744,Lycanroc,#C7B3A7,#ECE8D7,#E3BBA7
745,Wishiwashi,#EEEEEE,#4764C9,#CCD2CE
746,Mareanie,#9FD9D6,#BA8DBE,#6098B7
747,Toxapex,#93D1D7,#525898,#3A3F6D
748,Mudbray,#AE7760,#C89993,#F0D1BF
749,Mudsdale,#A57263,#444A54,#AD463A
750,Dewpider,#E8E8EA,#79C4D4,#CEDF42
751,Araquanid,#B7D7E6,#81AFC9,#4D6D87
752,Fomantis,#69BF94,#FFBFCA,#5BA668
753,Lurantis,#FF667F,#FFBFCA,#CC5266
754,Morelull,#F1B6C8,#F9F0D5,#9D70B1
755,Shiinotic,#97B371,#F5BCD8,#B591C4
756,Salandit,#6D6866,#473836,#474241
757,Salazzle,#6D6866,#D0285A,#474241
758,Stufful,#FFA6B5,#785549,#F8F8F8
759,Bewear,#595959,#404040,#FFA6B5
760,Bounsweet,#E55C8A,#8FCC52,#B3476B
761,Steenee,#659344,#96C853,#FDFDFD
762,Tsareena,#96C853,#659344,#FDFDFD
763,Comfey,#E5B045,#E56045,#BFBFBF
764,Oranguru,#FDFDFD,#1BC953,#BBBCC1
765,Passimian,#BBE06D,#666042,#FBFBFB
766,Wimpod,#BED3CF,#A65E97,#713E70
767,Golisopod,#C8E1CD,#9A6982,#81B68E
768,Sandygast,#D9D1B8,#403C30,#99917A
769,Palossand,#F2AA61,#A6703A,#4D3013
770,Pyukumuku,#404040,#262626,#D94174
771,Type: Null,#92A6A9,#79615E,#6B777E
772,Silvally,#E3E6EC,#F9F9F9,#79615E
773,Minior,#B4786B,#1B1F21,#9B3C20
774,Komala,#96BEDD,#F4C680,#BF9D5B
775,Turtonator,#FADD3D,#E74545,#969678
776,Togedemaru,#F8F8F8,#B3B3B3,#BFBFBF
777,Mimikyu,#F2E291,#B3A76B,#B37D47
778,Bruxish,#93D3E1,#CFAE3F,#EF87B5
779,Drampa,#EEEEEE,#5AA4A4,#B8B7A3
780,Dhelmise,#025A6A,#008B92,#020202
781,Jangmo-o,#DBDBDB,#F8F236,#7B766F
782,Hakamo-o,#C2C1C0,#97938C,#F4DA42
783,Kommo-o,#A7A29E,#F4DA42,#7E7572
784,Tapu Koko,#FFEA00,#CAB000,#F67B20
785,Tapu Lele,#CB638E,#FF6F81,#C83E54
786,Tapu Bulu,#FF3F37,#4F584E,#433636
787,Tapu Fini,#855CCF,#93C1FC,#583F86
788,Cosmog,#169FDA,#503896,#8C49A9
789,Cosmoem,#E8A61E,#FAF54E,#D88D20
790,Solgaleo,#FBF7EE,#C2C7C6,#EE7318
791,Lunala,#45348E,#6046D8,#E5DA7F
792,Nihilego,#C4D6DA,#E9EFEE,#9BA0B6
793,Buzzwole,#A92E2E,#FF2D32,#221E1E
794,Pheromosa,#D2CEC4,#6A6360,#C0AC98
795,Xurkitree,#FDFDFD,#61645B,#3E4439
796,Celesteela,#82ADA4,#4C7E71,#A3E2BB
797,Kartana,#FDFDFD,#CFCFCF,#646470
798,Guzzlord,#394F59,#1EADD1,#0F1B23
799,Necrozma,#424A50,#2B3233,#768188
800,Magearna,#DAC0C8,#B9B9B9,#F8F8F8
